ids,lon,lat,30yr_separation(km/day),30yr_separation(km/km)
135430701.0,-70.368873995201483,42.857333072287012,18.61,0.27
135430701.0,-69.943809945396055,42.781610419592646,22.24,0.46
135430701.0,-69.864899977658538,42.486062204096775,11.84,0.19
135430701.0,-69.776796916527161,42.328409514424933,16.64,0.31
135430701.0,-69.761736929334617,42.39460198923296,23.04,0.37
135430701.0,-69.571800645484558,42.386474455691634,17.78,0.24
135430701.0,-69.161453961165392,42.166553552806484,22.50,0.30
135430701.0,-68.900891878569254,42.257663926008,52.30,0.88
135430701.0,-68.554360955800263,42.440359419485155,27.17,0.61
135430701.0,-68.676858537728478,42.539812240050907,44.87,0.51
135430701.0,-68.669736823260465,43.118592162485754,34.74,0.78
135430701.0,-68.601449196211135,43.047355048921261,27.69,0.59
135430701.0,-68.291116884630711,43.080255103147877,27.11,0.40
135430701.0,-67.845917811694108,43.156357248554947,13.99,0.13
135430701.0,-67.476791768708651,43.004972883129724,24.12,0.17
135430701.0,-67.553466995129952,42.884832595002514,17.06,0.19
135430701.0,-67.37144116947367,42.84383553882882,34.70,0.35
135430701.0,-66.877093087237967,42.565659991724132,26.85,0.32
135430701.0,-66.614137055656599,42.385926908972593,13.29,0.11
135430701.0,-66.351481270551744,42.501319156488087,34.45,0.18
135430701.0,-66.412874517513472,42.796848045939406,53.28,0.45
135430701.0,-66.451734522769357,43.116885774606217,40.05,0.30
135430701.0,-66.386983904567288,43.033542189321146,66.67,0.39
135430701.0,-66.451054853356396,43.353127228753991,58.71,0.38
135430701.0,-66.601006647979446,43.81049093960975,51.33,0.44
135430701.0,-66.414763016550808,44.167841573045806,2.90,0.02
135430701.0,-66.462178093181791,44.325465696289477,64.20,0.49
137410702.0,-69.950509763118049,42.111337313715921,27.30,0.30
137410702.0,-68.599943123441662,41.250197889163843,57.47,0.32
137410702.0,-66.955872290857371,41.869537805842093,22.19,0.11
137410702.0,-66.983756444491803,41.84805911839841,36.65,0.16
138410701.0,-70.310025628666608,41.449378325334131,8.19,0.08
138410701.0,-70.243246082380722,41.490118290255957,12.32,0.14
138410701.0,-70.2452463825108,41.432906789298059,0.44,0.00
138410701.0,-70.196139543380383,41.478841490909282,44.06,0.30
138410701.0,-69.835311099316087,41.22641613912586,52.22,0.32
138410701.0,-69.745307739404169,41.22993453332208,30.23,0.15
138410701.0,-69.606717803918514,41.24759232858213,35.25,0.18
138410701.0,-69.1744384935281,41.099517416751084,50.50,0.34
138410701.0,-69.00490940422128,41.171753330138635,54.60,0.43
138410701.0,-68.713572018656976,41.583312409100756,72.21,1.09
138410701.0,-68.359817005381458,42.062094667772165,13.04,0.22
138410701.0,-68.455008076198965,42.016976804698658,19.62,0.29
138410701.0,-68.592736411137182,42.112115474135393,21.79,0.22
138410701.0,-68.744935965553893,42.227669768609886,17.88,0.30
138410701.0,-68.919958076396753,42.328720741111425,13.90,0.23
139420691.0,-69.871669603330986,41.378693769776362,3.00,0.02
139420691.0,-70.060978131767087,41.155573325759136,23.25,0.16
139420691.0,-70.002842190539312,41.092643724078009,30.16,0.19
139420691.0,-69.948208037555929,41.103334472462699,32.42,0.20
139420691.0,-70.234198006292857,41.003451394528064,5.74,0.09
139420691.0,-70.642845985084335,41.159529269423793,11.25,0.23
139420691.0,-70.597228409986158,41.106343159354424,35.38,0.90
1404107011.0,-70.570988306433961,41.985584952148237,19.87,0.50
140410706.0,-70.139340840653873,41.860318864301171,12.36,0.22
140420691.0,-70.084901068335242,42.241613686928673,40.17,0.40
140430701.0,-70.280497890030517,43.240938301152241,41.45,0.59
140430701.0,-70.740800335353924,42.749687277917118,20.33,0.39
140430701.0,-70.349647578970973,42.503753639346151,20.47,0.69
140430701.0,-70.263722521837124,42.465078292429695,10.18,0.15
140430701.0,-69.908446584595325,42.092194609738115,7.40,0.08
140430701.0,-69.807806226111396,41.659119186406997,62.27,0.40
140430701.0,-69.893864841335102,41.299956061195736,49.57,0.26
145430691.0,-70.268295258436183,43.248583673614839,31.23,0.50
145430691.0,-70.621279094104551,42.940088300372949,58.69,0.69
145430691.0,-70.67302297186751,42.415707755374221,6.53,0.10
145430691.0,-70.701051454198364,42.382207275049112,8.64,0.15
145430691.0,-70.603108581707218,42.24370110215191,38.67,0.81
146420706.0,-68.518528118407545,43.916139665906194,18.93,0.32
146420706.0,-68.47947071238508,43.636234471775651,17.12,0.21
146420706.0,-67.581281612465901,43.638308542839269,30.98,0.31
146420706.0,-67.105969751182712,43.575844676780648,27.11,0.28
146420706.0,-67.122548407376669,43.623935574760921,52.81,0.50
146420706.0,-67.112091012211579,43.347222201387638,19.21,0.18
146420706.0,-67.061787793866259,43.325503088228579,20.52,0.33
146420706.0,-67.050251751620522,43.304091639804547,10.25,0.15
146420706.0,-67.180955390592345,43.297485608038286,26.75,0.39
146420706.0,-67.26293825494524,43.315427970338249,26.12,0.26
146420706.0,-66.992036999658211,43.353352444621223,20.50,0.27
146420706.0,-66.951851590162292,43.571220229322762,26.43,0.23
146420706.0,-66.651430562663307,43.737197116099807,6.67,0.08
146420706.0,-66.747528042470847,43.680302780477724,22.85,0.23
146420706.0,-66.944934258140748,43.54202943583099,31.73,0.33
146420706.0,-66.57291013740425,43.433153071965869,35.66,0.33
146420706.0,-66.368500967341717,43.476637990017558,17.69,0.11
146420706.0,-66.098418656414523,43.39096500977417,45.98,0.25
146420706.0,-66.378773793405557,43.901248283780959,19.57,0.10
146420706.0,-66.441445664859927,44.023833219287987,30.23,0.16
146430701.0,-70.446845099676594,43.172937806079695,49.21,0.67
146430703.0,-70.37988683655702,42.98866751981793,22.85,0.36
146430703.0,-69.985975909182329,42.674543849370188,33.87,0.58
146430703.0,-69.756488398157316,42.880700809069474,52.46,0.71
146430703.0,-69.587658417372268,42.835320033145734,22.46,0.30
146430703.0,-69.312392924235041,42.718892546579873,11.02,0.17
146430703.0,-69.310024714769156,42.72701359356752,21.28,0.23
146430703.0,-69.001807957264589,42.884095937456749,11.32,0.12
146430703.0,-69.00441088692115,42.788766480897998,9.17,0.08
146430703.0,-68.746619053130217,42.695644020837079,28.55,0.47
147420701.0,-70.30016708283425,42.143832563373579,37.13,0.39
147420701.0,-69.719671388728528,42.266230040451781,11.08,0.17
147420701.0,-69.39226202263454,42.284658057982902,17.30,0.24
147420701.0,-69.231004060221935,42.31414795784945,6.00,0.11
147420702.0,-70.299894493935994,42.142754911251849,36.20,0.38
147420702.0,-69.735591742074405,42.2447969705443,9.37,0.13
147420702.0,-69.431890299771325,42.228899676564012,15.23,0.19
147420702.0,-69.410757629855198,42.154518757806102,4.85,0.08
147420702.0,-69.345652289230273,42.151539690576165,8.37,0.12
147420702.0,-69.276903407334373,42.151762676760491,22.87,0.26
147420702.0,-68.894221160450684,42.277795220678946,13.38,0.28
147420702.0,-68.729849321524526,42.339855137512075,23.39,0.45
147420702.0,-68.793112402825386,42.443393476964737,23.02,0.45
147420702.0,-68.788987688747838,42.512225744273898,3.91,0.06
147420702.0,-68.815653616249449,42.338968059017425,9.72,0.16
147420702.0,-68.765715367956048,42.290557062822209,9.29,0.10
147420702.0,-68.372215116898516,42.402242571170859,12.17,0.14
147420702.0,-68.455454490619417,42.347644841104518,9.44,0.15
147420702.0,-68.462188133073212,42.494696918068449,19.60,0.22
147420702.0,-68.28882479275012,42.13103333131145,26.11,0.52
147420702.0,-68.223733408122925,42.062277003220323,52.78,0.60
147420702.0,-67.50549998179919,42.15066336373696,53.04,0.25
147420702.0,-66.767289190141952,41.688529518045918,28.01,0.12
147420702.0,-66.760176066068453,41.644002126804551,27.25,0.12
147420702.0,-66.771145618178195,41.50617013528317,19.67,0.15
147420703.0,-70.30188817253547,42.141939147204553,42.29,0.39
147420703.0,-69.81047982203593,42.270950019864181,14.90,0.19
147420703.0,-69.52589374119998,42.294767407963221,9.94,0.15
147420703.0,-69.418595282097797,42.330358354394136,12.06,0.26
147420703.0,-69.415297381489296,42.371207230835886,16.14,0.19
147420703.0,-68.788092018565308,42.449641730784748,17.47,0.24
147420704.0,-69.82376680822199,42.152692114948884,24.15,0.33
147420704.0,-69.614979024146152,42.087304893284148,23.27,0.31
147420704.0,-69.689218438347694,41.885650239596266,53.84,0.77
147420705.0,-70.281874063453856,42.114336910925985,24.38,0.22
147420705.0,-69.805496729219342,42.106821579127363,37.85,0.48
147420705.0,-69.625656950420876,42.051773133017086,29.14,0.36
147420705.0,-66.581553024487278,41.496786806797154,33.45,0.26
147420706.0,-70.299682859526129,42.119302189753711,49.96,0.38
147420706.0,-69.777077423902597,42.155776702122019,21.05,0.31
147420706.0,-69.638217210038007,41.890903936662994,17.32,0.21
147420706.0,-69.69033719977439,41.629953224470093,19.03,0.18
147420706.0,-69.454730221331388,41.615165523999373,20.98,0.12
147420706.0,-69.568484372871211,41.508925376452567,24.80,0.15
147420706.0,-69.711683298476402,41.554491356829047,39.49,0.26
147420706.0,-69.642642412639603,41.400104386755153,49.29,0.32
147420707.0,-70.223867136438045,42.132336812903375,56.26,0.44
147420707.0,-69.741246403865333,42.174145379868058,18.11,0.26
147420707.0,-69.651846083371893,41.974116806063321,45.57,0.60
147420707.0,-69.89357209099775,41.782217351748258,7.75,0.11
147420707.0,-69.487868933147084,41.681767445197735,33.68,0.33
147420707.0,-69.2271881607804,41.634840409335297,9.83,0.10
147420707.0,-68.833358488885182,41.584693098690792,6.68,0.08
147420707.0,-68.736738561320323,41.565458490515915,48.26,0.46
147420707.0,-68.303047184368467,41.705364742332222,23.32,0.11
147420707.0,-67.774321574841778,41.688385132174957,82.47,0.32
147420707.0,-67.402297775008947,41.900544801971883,23.81,0.10
147420707.0,-67.058654950237866,42.131771442317486,37.30,0.17
147420707.0,-66.396896585239773,41.620796191884423,33.57,0.25
147420707.0,-67.10700591115662,41.528001976669749,36.02,0.20
147420707.0,-67.690223010542667,41.19885477608738,3.22,0.02
147420707.0,-68.554848284646766,41.060285074997275,23.13,0.13
147420707.0,-68.297680882028871,41.373853006808837,32.93,0.17
147420707.0,-68.371513102875483,41.908571208228125,19.56,0.17
147420707.0,-68.694482279467451,41.9593034802284,42.59,0.38
147420707.0,-68.483195363929966,41.811495386884943,52.14,0.46
147420707.0,-68.471534792476646,42.200549825047752,38.44,0.48
147420707.0,-68.258875908030248,42.063050928238582,23.40,0.27
147420707.0,-68.10013766743063,42.196111146352962,35.24,0.42
147420707.0,-67.807164035147892,42.289943960130621,16.13,0.25
147420707.0,-67.907949870054935,42.189172069458799,44.70,0.36
147420707.0,-66.861967286302317,42.269578312911484,28.46,0.18
147420707.0,-66.779952056203243,42.402111794152404,55.70,0.38
147420708.0,-70.175399999999939,42.139299999999984,55.50,0.44
147420708.0,-69.708399992537409,42.1861999970561,18.53,0.27
147420708.0,-69.654400021932645,41.981000008531765,40.99,0.58
147420708.0,-69.850099994459015,41.800200005104919,24.19,0.27
147420708.0,-69.299399985702763,41.643899964021571,15.97,0.16
147420708.0,-69.089099952604926,41.61559997487241,22.74,0.30
147420708.0,-68.634299986014454,41.753800009115999,22.00,0.39
147420708.0,-68.327500002425367,42.023900049301368,22.74,0.24
147420708.0,-68.14250003273213,42.249500003614365,35.47,0.49
147420708.0,-68.344700012969128,42.375799969739646,40.96,0.63
147420708.0,-68.69478198704924,42.532071070927273,26.64,0.31
147420708.0,-68.508200021649415,42.805999975398777,44.23,0.36
147420708.0,-68.079100023863859,42.835200066419759,27.31,0.27
147420708.0,-67.658401226911906,42.613294776360398,16.21,0.14
147420708.0,-67.695200024172891,42.603099969661507,28.17,0.25
147420708.0,-67.399299864977877,42.650599921409373,31.38,0.26
147420708.0,-67.069299868376717,42.254700003018314,8.51,0.06
148420701.0,-70.702139359752707,42.293685522737583,6.48,0.19
148420701.0,-70.759477410280411,42.383339160590644,22.51,0.40
148420701.0,-70.601838473516835,42.263794963927893,26.39,0.47
148420701.0,-70.446165363302597,42.194998565989245,13.48,0.23
148420701.0,-70.429200225950879,42.282672043603078,12.93,0.26
148420701.0,-70.400953077475577,42.079878202819373,13.16,0.16
148420701.0,-69.986616092083054,42.104953732631003,33.25,0.51
148420701.0,-69.646788433269137,42.082483477268816,36.54,0.42
148420701.0,-69.704633384091792,42.143808623765139,17.27,0.22
148420701.0,-69.961296811352483,42.24216552917288,28.10,0.30
148420701.0,-70.080523752863243,42.44038530903363,33.38,0.39
148420701.0,-70.015674482895179,42.375846020007053,30.43,0.30
148420701.0,-69.730605097366805,42.363219472097931,23.20,0.28
148420701.0,-69.655707012049064,42.183190257160128,16.12,0.19
148420701.0,-69.423711000880246,42.074878742205797,3.95,0.05
148420701.0,-69.37882391504742,42.162199077039922,22.75,0.25
148420701.0,-69.343690620011387,42.049649884294169,40.48,0.54
148420701.0,-69.738318483221803,41.936898864143586,17.65,0.22
148420701.0,-69.240389620365903,41.910514422629021,20.86,0.30
148420701.0,-68.947098134696191,41.852803118868692,17.50,0.21
148420701.0,-68.799448453773749,41.7920601056557,4.59,0.07
1484207010.0,-69.912637218260144,42.205642884701938,19.21,0.33
1484207010.0,-69.808908024450659,42.233946008844732,20.99,0.25
1484207010.0,-69.994040815450077,42.573914822688707,40.04,0.61
1484207010.0,-69.895650361758541,42.480473286932146,44.44,0.61
1484207010.0,-69.400044304067933,42.563415904679019,47.01,0.70
1484207010.0,-69.358384926117438,42.707713498536997,40.32,0.56
1484207010.0,-69.745333756600772,42.783008069008247,18.82,0.45
1484207010.0,-69.906225164327267,42.791686736436169,64.59,0.99
1484207010.0,-70.076038596831296,42.489969647879775,32.84,0.41
1484207010.0,-69.632226659802356,42.179230492096195,14.01,0.12
1484207010.0,-68.868934840056312,42.226694651766259,31.80,0.39
148420702.0,-70.707064659214609,42.286491585007504,12.98,0.33
148420702.0,-70.772276422874825,42.374829355814128,33.25,0.91
148420703.0,-70.396611100908984,42.70108032112546,31.25,0.49
148420703.0,-70.231785429894941,42.844071270105019,14.30,0.20
148420703.0,-70.134668484535496,42.800573819312788,11.91,0.14
148420703.0,-70.075677853454266,42.85805553541983,20.57,0.29
148420703.0,-69.66772912283129,43.132330952958654,10.85,0.11
148420703.0,-69.480591437427023,43.112763536418505,22.63,0.59
148420703.0,-69.363531956787156,43.16113865858766,14.69,0.24
148420703.0,-68.937317636321026,43.158038437586058,15.95,0.23
148420703.0,-69.041673004198643,42.834743343991668,10.45,0.16
148420703.0,-68.988890473270345,42.764239125505298,21.43,0.30
148420703.0,-68.999551316233806,42.690300062602923,16.62,0.18
148420703.0,-69.041186053037137,42.755018391124537,13.61,0.14
148420703.0,-69.077512834153225,42.721215268810454,22.80,0.23
148420703.0,-69.220018283708072,42.739184494156682,17.72,0.20
148420703.0,-69.351148675647806,42.760844326947343,32.95,0.36
148420703.0,-69.194323046926115,42.698939800024512,12.67,0.16
148420703.0,-69.213080546741594,42.686621832630237,14.47,0.19
148420703.0,-69.669304946340688,42.494082316574335,55.03,0.67
148420703.0,-69.731200064275868,42.078165963629331,56.09,0.52
148420703.0,-68.882011313650139,42.372842297191262,26.29,0.36
148420703.0,-68.759705761227551,42.144418604628207,13.64,0.15
148420703.0,-68.629981094804137,42.349513715265644,36.98,0.46
148420703.0,-68.046957406024589,42.672693337402457,31.49,0.35
148420703.0,-67.603488359104588,42.465448134666715,44.00,0.38
148420703.0,-68.061717546070184,42.24027006066185,58.14,0.53
148420703.0,-67.088065178828742,42.089766489608984,28.09,0.16
148420727.0,-70.38045337441315,42.248717547816057,2.17,0.03
148420727.0,-70.56003572403327,41.978339524964078,14.35,0.36
148420728.0,-70.407060713791807,42.199200497539437,2.65,0.03
148420728.0,-70.255310686537186,42.325937258273953,32.33,0.45
148420728.0,-70.570562413989549,42.159858421892395,11.19,0.26
1504107014.0,-70.201784552555154,41.806941521040478,16.35,0.43
1504107015.0,-70.13744187023724,41.856176864125743,8.69,0.21
1504107020.0,-70.13974374201517,41.780808210953701,17.20,0.33
1504107021.0,-70.003497414899016,42.06775588870002,40.50,0.54
1504107021.0,-69.472125065236838,42.068220816626116,5.32,0.08
1504107021.0,-69.361467887909455,41.94700377170458,16.82,0.23
1504107021.0,-69.31594230869969,42.003570693184912,20.63,0.30
1504107021.0,-69.048573029940158,41.82612790058166,20.59,0.39
1504107021.0,-69.193110402181745,41.904878852602884,25.56,0.36
1504107021.0,-68.910277050024561,42.233816464237613,7.93,0.11
1504107021.0,-68.657478645439213,41.995726477352022,27.23,0.49
1504107021.0,-68.782599014162173,42.042325896374017,30.83,0.46
1504107021.0,-68.939025751789316,41.944780283840863,22.25,0.38
1504107021.0,-69.127436745914281,41.851526192726233,24.80,0.38
1504107021.0,-69.100054661640669,41.99158072935095,33.57,0.69
1504107021.0,-69.078265936121852,42.200386882178719,19.01,0.22
1504107021.0,-69.152645872989709,42.19847129685936,16.59,0.27
1504107021.0,-68.848575683865192,42.065830787103444,37.24,0.54
1504107021.0,-68.764675689170588,42.390503051294459,34.37,0.40
1504107021.0,-68.119641363888064,42.535508415228144,38.19,0.36
1504107022.0,-70.256745927822266,42.250347376735711,10.98,0.24
1504107022.0,-70.263978725886673,42.312105591906651,63.89,0.69
1504107022.0,-69.750950618209984,41.88437100612088,51.86,0.73
1504107022.0,-69.5444469291985,41.336722363340108,40.66,0.27
150410707.0,-70.044431581117522,41.82807217932082,9.47,0.14
150410708.0,-70.270757521300894,41.792289339316739,15.86,0.39
150410709.0,-70.200006489218225,41.80660286962668,11.40,0.27
150420702.0,-70.538812199950428,42.775047558290069,18.38,0.62
150420707.0,-70.638269349200257,42.366939885273943,25.61,1.26
150420707.0,-70.596504372355966,42.380037168960939,1.39,0.04
150420707.0,-70.498946394384532,42.504322990459499,5.83,0.15
150420707.0,-70.545117536149121,42.436156750532952,21.03,0.64
153410701.0,-70.280360774045377,41.809740731600144,21.25,0.51
155420701.0,-70.219663751274126,42.205337983429942,53.55,0.54
155420701.0,-69.599587946630095,41.838525594294055,29.80,0.32
155420701.0,-68.741411986618743,41.767397371509013,14.24,0.21
155420701.0,-68.39409941381065,41.911958012073114,15.18,0.26
155420701.0,-68.249478341218435,41.97216576525814,23.79,0.47
155420701.0,-68.398215119612274,42.025084553391892,26.02,0.29
155420701.0,-68.362716538298528,42.177807213452901,23.36,0.27
155420701.0,-67.77808592734813,42.314626245830389,10.73,0.13
155420701.0,-67.481362705191415,42.164670672312162,27.97,0.30
155420701.0,-67.119070599707499,42.153131867731915,28.21,0.14
155420701.0,-66.905280414719527,42.011028583192264,31.33,0.17
155420701.0,-67.012974300445904,42.025757247031351,21.43,0.13
155420701.0,-66.935551619524631,42.020412620233039,28.28,0.17
155420701.0,-66.732548374891138,41.946071144088307,8.01,0.04
155420701.0,-66.537054165254474,41.894890000479492,24.59,0.11
155420701.0,-66.659946830440248,41.670196040818432,12.38,0.07
155420701.0,-66.765740870560961,41.453847470411915,19.71,0.15
155420701.0,-66.754434769281389,41.07870962863322,43.79,0.40
155420701.0,-66.851366634505311,41.164138327618438,27.66,0.27
155420703.0,-70.309473023249879,42.151818593855658,73.94,0.66
155420703.0,-69.41258260456064,42.08149332480744,51.26,0.70
155420703.0,-68.74362293183745,42.332740949919902,38.83,0.49
155420703.0,-68.905700322681312,42.950453872619811,13.46,0.13
155420703.0,-68.887433051643342,43.106449718510291,29.42,0.37
155420703.0,-68.37481988165932,43.141257008486313,28.30,0.45
155420703.0,-68.222889254897908,43.442725653395939,21.76,0.34
155420703.0,-68.473421336339314,43.451972606840918,33.18,0.39
155420703.0,-68.017938996011452,43.584114299254033,34.89,0.45
155420703.0,-67.496853689594246,43.703558476736774,29.29,0.32
155420703.0,-67.248591958454341,43.568004084897559,12.58,0.09
155420703.0,-67.215014239734671,43.612674573146776,46.43,0.44
155420703.0,-67.225358517770644,43.342216922318059,38.31,0.46
155420703.0,-67.269101465375783,43.349075646197129,32.17,0.35
155420703.0,-66.996771472675391,43.210886040981308,14.31,0.18
155420703.0,-67.11145539281884,43.458292870578603,25.89,0.23
155420703.0,-67.268435614674701,43.455408053320262,30.37,0.30
155420703.0,-67.105549085770377,43.255461708487012,20.44,0.19
155440671.0,-67.563119413423451,44.151192928637613,21.64,0.28
155440671.0,-67.835233474610121,43.504426190832753,36.04,0.66
155440671.0,-67.510985520900917,43.656088138410226,8.66,0.11
155440671.0,-67.058911289676601,43.754776388001147,15.97,0.15
155440671.0,-67.053547415434011,43.735382865747191,36.90,0.36
155440671.0,-67.139308188761788,43.723382871170102,22.47,0.18
155440671.0,-67.252925652181361,43.684646609646641,27.31,0.31
155440671.0,-67.051424660520439,43.809815062959757,42.03,0.37
155440671.0,-67.25508462029272,43.647679934475235,30.32,0.31
155440671.0,-67.298883788062369,43.545907269033989,18.85,0.21
155440671.0,-67.33772793787918,43.708006103469401,19.30,0.20
155440671.0,-67.440420367054884,43.553167153456123,15.70,0.17
155440671.0,-67.552617994166596,43.693591447607872,16.14,0.24
155440671.0,-67.504236786840067,43.71967562605299,17.49,0.31
155440671.0,-67.372690059406438,43.671989794246741,13.12,0.17
155440671.0,-67.127833398408171,43.817238109312839,25.60,0.28
155440671.0,-67.02920343452459,43.656505645991999,19.02,0.17
155440671.0,-67.01230948903563,43.768958297905499,38.45,0.34
155440671.0,-66.920010423010879,43.556198143100445,42.85,0.36
155440671.0,-66.917842902336986,43.722904077839523,23.82,0.22
155440671.0,-67.048532152318018,43.804247798202724,12.04,0.15
155440671.0,-66.971231156147141,43.916175417357934,50.13,0.67
155440671.0,-67.27965998975462,43.934279227403046,11.96,0.16
155440671.0,-67.14110651368317,43.867823805348024,32.56,0.23
155440671.0,-66.897606426556962,44.079193978976932,82.64,0.54
155440671.0,-66.894371844536465,44.322394228484683,25.28,0.22
155440671.0,-68.096587980329232,43.85399322758208,16.26,0.16
155440671.0,-68.580612143382382,43.682548830978043,30.82,0.46
155440671.0,-68.85488704861902,43.536653516700994,12.86,0.28
155440671.0,-68.666353324567282,43.486032201782322,31.15,0.49
155440671.0,-68.65237685681231,43.238464893155644,41.97,0.57
155440671.0,-68.182202181210528,42.928138244309935,32.05,0.45
156420702.0,-70.648910303793699,42.777422773145261,42.17,0.78
156420702.0,-70.491917664268541,42.419614315349818,37.00,0.56
156420702.0,-70.114781792544903,42.271664197255774,11.99,0.18
156420702.0,-69.857231186590468,42.157094692972962,25.75,0.30
156420702.0,-69.830419286616987,42.057593589695742,22.78,0.25
156420702.0,-69.587728610211585,41.707997796156818,10.39,0.09
156420702.0,-69.267511187952181,41.582369033464694,4.48,0.04
156420702.0,-68.862316729847564,41.497090485284083,21.11,0.19
156420702.0,-68.791016117609317,41.453849903916222,21.53,0.25
156420702.0,-68.618559710840671,41.646802903706245,40.55,0.58
156420702.0,-68.502624697124617,41.736957299199091,19.03,0.15
156420702.0,-67.805047607670858,41.871200652894807,22.32,0.10
156420702.0,-67.467645583518788,41.839496987499999,28.73,0.15
156420702.0,-67.205783762163634,41.737242709445553,8.39,0.04
156420702.0,-67.126710465167875,41.669633803795307,14.51,0.07
156420702.0,-67.345726554764283,41.228639181764905,30.12,0.17
156420702.0,-68.250410704973206,41.541174981793844,68.77,0.47
156420703.0,-70.589316423760124,42.768448278819221,36.30,0.73
156420703.0,-70.491938734593475,42.414700264380009,28.67,0.45
156420703.0,-69.886337810309811,42.125605212011919,8.97,0.11
156420703.0,-69.653808575805726,41.799798069243174,6.75,0.07
156420703.0,-69.591165756868179,41.579572230243265,27.87,0.16
156420703.0,-69.6545181855453,41.477006741964047,28.75,0.19
156420703.0,-70.55435386901523,41.020200210530092,39.17,0.80
156420705.0,-70.582916380457746,42.593722179197407,15.46,0.32
156420705.0,-70.466112460202908,42.632405650408906,42.61,0.82
156420705.0,-70.256942953625057,42.390905844113234,16.29,0.21
156420705.0,-70.425705553036082,42.277669941343902,15.60,0.27
156420705.0,-69.147381515124522,41.838803636131658,10.77,0.16
156420705.0,-69.261978902744914,42.053736607038275,16.25,0.15
156420705.0,-69.13202188811853,42.113987304665741,18.83,0.18
156420705.0,-69.027604143228814,42.149149861970372,12.02,0.12
156420705.0,-68.855975266576863,42.210477135163799,11.17,0.13
156420705.0,-68.651428219452455,42.307268952124886,2.58,0.05
156420705.0,-68.841299165100267,42.390996909087796,14.03,0.20
156420705.0,-68.696689091781906,42.498957831131548,21.06,0.28
156420705.0,-68.582566531858205,42.537883166457988,15.35,0.18
156420705.0,-68.627665504833757,42.471067744727577,14.56,0.24
156420705.0,-68.387180561165451,42.637243853488577,15.76,0.19
156420705.0,-68.140343956529279,42.664244415140189,20.49,0.21
156420705.0,-67.72359676712432,42.60859741173676,27.96,0.22
156420705.0,-66.417427177402729,42.467291907586862,35.93,0.22
156420705.0,-66.372077025972899,42.853280216395412,22.67,0.26
156420705.0,-66.562890498628505,43.009883577771326,18.04,0.15
156420705.0,-66.356334441710558,43.112867164809849,6.97,0.05
156420705.0,-66.533623573462521,43.289608022068592,42.62,0.30
156420705.0,-66.342925897609845,43.423357367192253,29.87,0.14
156420705.0,-66.361652270390209,43.567105765884548,54.69,0.33
156420705.0,-66.594100239039378,44.091572166860431,11.71,0.09
157420702.0,-70.709207176589402,42.274256233655443,17.54,0.31
157420702.0,-70.851784002807165,42.314824408938257,7.16,0.13
157420704.0,-70.534715847698962,41.966704265836242,24.11,0.35
157420704.0,-69.627609138998309,41.76640513485377,26.42,0.26
157420704.0,-69.313423138893725,41.506443627825554,27.38,0.26
157430681.0,-68.791832195155976,43.789603323223808,3.65,0.07
157430681.0,-69.057365663865923,43.498040171797335,4.01,0.09
157430681.0,-69.137567580905483,43.485084430737139,18.87,0.38
157430681.0,-69.328994548575224,43.427217292580579,17.19,0.35
157430681.0,-69.267365906625812,43.451508762340701,21.05,0.34
157430681.0,-69.552263192406684,43.434006013619531,27.56,0.57
157430681.0,-69.640073663597761,43.315772284053025,26.63,0.45
157430681.0,-69.862121848835585,43.010894138712288,14.17,0.43
157430681.0,-69.95034085274412,42.886845462786383,1.50,0.03
157430681.0,-69.936926419112567,42.865906995462048,21.01,0.40
157430681.0,-69.66679174006164,42.911374178753228,10.68,0.16
157430691.0,-68.571603544854412,43.946599127057468,15.81,0.21
157430691.0,-68.961404349990815,43.853269997173058,27.42,0.55
157430691.0,-68.965097912398477,43.706275670953509,41.95,0.87
157430691.0,-69.249788652134114,43.573421445411633,30.44,0.59
157430691.0,-69.60884085843044,43.445803624544546,47.92,0.67
157430691.0,-69.77756702318915,43.202392719440205,23.59,0.42
157430691.0,-69.270436452243189,42.968442734272266,37.80,0.69
157430691.0,-69.369474266849409,42.726553212709454,3.79,0.04
157430691.0,-69.191941686118952,42.735016385736841,11.59,0.15
158420701.0,-70.699617990552582,42.273142757119885,17.78,0.31
158420701.0,-70.594001298849975,42.006494770336147,11.38,0.17
158420701.0,-70.476424590719631,41.907549726720738,15.56,0.27
158420701.0,-70.321516319455185,41.877979109880968,8.41,0.21
158420703.0,-70.702300500033346,42.273677534563483,19.24,0.33
158420703.0,-70.584925434100711,41.991494645683154,9.72,0.18
158420703.0,-70.473323387772453,41.924507735280152,17.91,0.32
158420703.0,-70.335155979138449,41.888859975574,25.12,0.31
158420703.0,-69.835193548683236,41.995896100664133,23.44,0.26
158420703.0,-69.379126075673653,41.794176018222018,24.72,0.28
158420703.0,-68.917292724404206,41.570552138164004,22.85,0.21
158420703.0,-68.587509877896963,41.668325165981791,47.51,0.43
158420703.0,-68.274398256477923,42.164839938748429,24.25,0.27
158420703.0,-68.745248604653156,42.410718702730946,20.62,0.31
158420703.0,-69.79534333521616,42.221767678490473,41.04,0.48
158420703.0,-69.361992631826055,41.637237523011713,31.53,0.34
158420703.0,-68.953688190558566,41.513120637743114,41.48,0.45
158420703.0,-68.595378337426098,41.631024977834443,71.45,0.70
158420703.0,-67.564652197200402,41.757047025437785,12.41,0.06
158420703.0,-67.493427220255725,41.509136905450916,34.66,0.14
158420703.0,-67.748417602881617,41.568152225932202,48.24,0.20
158420703.0,-67.45377662207413,41.673122438558686,10.88,0.06
158440681.0,-67.981982827402419,44.146881791993003,25.19,0.32
158440681.0,-68.439542798907198,43.783074955242675,10.76,0.19
158440681.0,-68.76621154532728,43.597259444700263,61.09,0.83
